--数据库初始化脚本

--创建数据库
CREATE database telematis;
--使用数据库
use telematis;

DROP  database telematis;
--创建管理员表
CREATE table admin(
	admin_id int  AUTO_INCREMENT NOT NULL COMMENT '管理员id', 
	admin_phone varchar(120) NOT NULL COMMENT '管理员号码',
	admin_password  varchar(120)  NOT NULL COMMENT '管理员密码',
	admin_email varchar(100)  NOT NULL COMMENT '管理员邮箱',
	PRIMARY KEY (admin_id)
)ENGINE=InnoDB DEFAULT CHARSET=utf8 COMMENT='管理员表';

--初始化数据
insert into 
	admin(admin_phone,admin_password,admin_email)
values 
	('13329683691','13329683691','14437012243@qq.com'),
	('15140594871','15140594871','1255279286@qq.com');


drop table distributor;
--创建分销商表
CREATE table distributor(
	dist_id  int NOT NULL AUTO_INCREMENT COMMENT '分销商id',
	dist_phone  varchar(120) NOT NULL COMMENT '分销商号码',
	dist_password varchar(120)  NOT NULL COMMENT '分销商密码',
	dist_company varchar(200)  NOT NULL COMMENT '分销商所处公司',
	dist_area varchar(200)  NOT NULL COMMENT '分销商的地点',
	PRIMARY KEY (dist_id)
)ENGINE=InnoDB DEFAULT CHARSET=utf8 COMMENT='分销商表';

--初始化数据
insert into 
	distributor(dist_phone,dist_password,dist_company,dist_area)
values
	('11140594871','123456','大连汽车制造公司1','大连'),
	('12329683691','123456','大连汽车制造公司2','大连'),
	('13242095513','123456','大连汽车制造公司3','大连'),
	('14242097723','123456','大连汽车制造公司4','大连'),
	('15242097724','123456','大连汽车制造公司5','大连');

insert into 
	distributor(dist_phone,dist_password,dist_company,dist_area)
values
	('16140594871','123456','北京汽车制造公司1','北京'),
	('17329683691','123456','北京汽车制造公司2','北京'),
	('18242095513','123456','北京汽车制造公司3','北京'),
	('19242097723','123456','北京汽车制造公司4','北京'),
	('10242097724','123456','北京汽车制造公司5','北京');	
	
insert into 
	distributor(dist_phone,dist_password,dist_company,dist_area)
values
	('15140594871','123456','深圳汽车制造公司1','深圳'),
	('13229683691','123456','深圳汽车制造公司2','深圳'),
	('18342095513','123456','深圳汽车制造公司3','深圳'),
	('18442097723','123456','深圳汽车制造公司4','深圳'),
	('18542097724','123456','深圳汽车制造公司5','深圳');	
	
insert into 
	distributor(dist_phone,dist_password,dist_company,dist_area)
values
	('15640594871','123456','广东汽车制造公司1','广东'),
	('13729683691','123456','广东汽车制造公司2','广东'),
	('18842095513','123456','广东汽车制造公司3','广东'),
	('18942097723','123456','广东汽车制造公司4','广东'),
	('18042097724','123456','广东汽车制造公司5','广东');	
	
--初始化数据'),

--创建车辆销售表Sales vehicles
CREATE table vehicles_sale(
	vehicles_sale_id bigint NOT NULL AUTO_INCREMENT COMMENT '销售id', 
	dist_phone varchar(120) NOT NULL COMMENT '分销商号码',
	dist_company varchar(200)  NOT NULL COMMENT '分销商所处公司',
	dist_area varchar(200)  NOT NULL COMMENT '分销商的地点',
	user_phone varchar(120) NOT NULL COMMENT '车主号码', 
	vehicles_sale_type varchar(50)  NOT NULL COMMENT '销售的车的类型', 
	vehicles_sale_price bigint  NOT NULL COMMENT '销售的车的价格', 
	vehicles_sale_number bigint  NOT NULL COMMENT '销售的车的数量', 
	vehicles_sale_time varchar(50) NOT NULL COMMENT '销售的车的时间', 
	vehicles_sale_area varchar(200) NOT NULL COMMENT '销售的车的地区',
	PRIMARY KEY(vehicles_sale_id)
)ENGINE=InnoDB DEFAULT CHARSET=utf8 COMMENT='车辆销售表';


	
--销售的车的类型
CREATE table vehicles_sale_type(
	vehicles_sale_type_id bigint NOT NULL AUTO_INCREMENT COMMENT '类型id', 
	vehicles_sale_type varchar(50)  NOT NULL COMMENT '销售的车的类型',
	PRIMARY KEY(vehicles_sale_type_id)
)ENGINE=InnoDB DEFAULT CHARSET=utf8 COMMENT='销售的车的类型';

--初始化数据
insert into
	vehicles_sale_type(vehicles_sale_type)
values
	('北京现代'),
	('东风日产'),
	('一汽大众');

drop table vehicles_sale_company;	
	
--销售车的公司
CREATE table vehicles_sale_company(
	vehicles_sale_company_id bigint NOT NULL AUTO_INCREMENT COMMENT '销售车的公司id',
	vehicles_sale_company varchar(200)  NOT NULL COMMENT '销售的车的公司名',
	dist_area varchar(200) NOT NULL COMMENT '销售的车的地区',
	PRIMARY KEY(vehicles_sale_company_id)
)ENGINE=InnoDB DEFAULT CHARSET=utf8 COMMENT='销售车的公司';


--初始化数据
insert into
	vehicles_sale_company(vehicles_sale_company,dist_area)
values
	('大连汽车制造公司1','大连'),
	('大连汽车制造公司2','大连'),
	('大连汽车制造公司3','大连'),
	('大连汽车制造公司4','大连'),
	('大连汽车制造公司5','大连');

insert into
	vehicles_sale_company(vehicles_sale_company,dist_area)
values
	('北京汽车制造公司1','北京'),
	('北京汽车制造公司2','北京'),
	('北京汽车制造公司3','北京'),
	('北京汽车制造公司4','北京'),
	('北京汽车制造公司5','北京');	

insert into
	vehicles_sale_company(vehicles_sale_company,dist_area)
values
	('深圳汽车制造公司1','深圳'),
	('深圳汽车制造公司2','深圳'),
	('深圳汽车制造公司3','深圳'),
	('深圳汽车制造公司4','深圳'),
	('深圳汽车制造公司5','深圳');		
	
insert into
	vehicles_sale_company(vehicles_sale_company,dist_area)
values
	('广东汽车制造公司1','广东'),
	('广东汽车制造公司2','广东'),
	('广东汽车制造公司3','广东'),
	('广东汽车制造公司4','广东'),
	('广东汽车制造公司5','广东');	

--分销商所在的区域
CREATE table dist_area(
	dist_area_id bigint NOT NULL AUTO_INCREMENT COMMENT '分销商所在的区域id',
	dist_area varchar(50) NOT NULL COMMENT '分销商所在的区域',
	PRIMARY KEY(dist_area_id)
)ENGINE=InnoDB DEFAULT CHARSET=utf8 COMMENT='分销商所在的区域';	
	

insert into
	dist_area(dist_area)
values
	('大连'),
	('北京');	
	
insert into
	dist_area(dist_area)
values
	('深圳'),
	('广东');	


insert into 
	vehicles_sale(dist_phone,dist_company,dist_area,user_phone,vehicles_sale_type,vehicles_sale_price,vehicles_sale_number,vehicles_sale_time,vehicles_sale_area)
values
	('11140594871','大连汽车制造公司1','大连','11111111111','北京现代','100','2','2018-05-12','大连'),
	('11140594871','大连汽车制造公司1','大连','11111111111','北京现代','150','5','2018-05-11','大连'),
	('11140594871','大连汽车制造公司1','大连','11111111111','东风日产','200','4','2018-05-10','大连'),
	('11140594871','大连汽车制造公司1','大连','11111111111','东风日产','100','5','2018-05-09','大连'),
	('11140594871','大连汽车制造公司1','大连','11111111111','一汽大众','120','6','2018-05-08','大连'),
	('11140594871','大连汽车制造公司1','大连','11111111111','一汽大众','100','1','2018-05-07','大连'),
	('11140594871','大连汽车制造公司1','大连','11111111111','一汽大众','150','3','2018-05-06','大连'),
	
	('12329683691','大连汽车制造公司2','大连','11111111111','北京现代','100','3','2018-05-12','大连'),
	('12329683691','大连汽车制造公司2','大连','11111111111','北京现代','120','4','2018-05-11','大连'),
	('12329683691','大连汽车制造公司2','大连','11111111111','北京现代','200','5','2018-05-11','大连'),
	('12329683691','大连汽车制造公司2','大连','11111111111','东风日产','130','1','2018-05-11','大连'),
	('12329683691','大连汽车制造公司2','大连','11111111111','一汽大众','110','9','2018-05-11','大连'),
	('12329683691','大连汽车制造公司2','大连','11111111111','一汽大众','150','7','2018-05-11','大连'),
	('15140594871','大连汽车制造公司2','大连','11111111111','一汽大众','150','6','2018-05-11','大连'),
	
	('13242095513','大连汽车制造公司3','大连','11111111111','北京现代','100','7','2018-05-11','大连'),
	('13242095513','大连汽车制造公司3','大连','11111111111','东风日产','100','6','2018-05-10','大连'),
	('13242095513','大连汽车制造公司3','大连','11111111111','东风日产','100','5','2018-05-10','大连'),
	('13242095513','大连汽车制造公司3','大连','11111111111','东风日产','100','3','2018-05-11','大连'),
	('13242095513','大连汽车制造公司3','大连','11111111111','东风日产','100','8','2018-05-01','大连'),
	('13242095513','大连汽车制造公司3','大连','11111111111','一汽大众','100','6','2018-05-11','大连'),
	('13242095513','大连汽车制造公司3','大连','11111111111','一汽大众','100','4','2018-05-11','大连'),
	
	('14242097723','大连汽车制造公司4','大连','11111111111','北京现代','200','3','2018-05-10','大连'),
	('14242097723','大连汽车制造公司4','大连','11111111111','北京现代','150','5','2018-05-10','大连'),
	('14242097723','大连汽车制造公司4','大连','11111111111','北京现代','100','6','2018-05-10','大连'),
	('14242097723','大连汽车制造公司4','大连','11111111111','北京现代','100','3','2018-05-10','大连'),
	('14242097723','大连汽车制造公司4','大连','11111111111','一汽大众','150','8','2018-05-10','大连'),
	('14242097723','大连汽车制造公司4','大连','11111111111','一汽大众','200','3','2018-05-10','大连'),
	('14242097723','大连汽车制造公司4','大连','11111111111','一汽大众','100','2','2018-05-10','大连'), 
	
	('15242097724','大连汽车制造公司5','大连','11111111111','北京现代','200','5','2018-05-02','大连'),
	('15242097724','大连汽车制造公司5','大连','11111111111','北京现代','100','3','2018-05-02','大连'),
	('15242097724','大连汽车制造公司5','大连','11111111111','东风日产','200','6','2018-05-02','大连'),
	('15242097724','大连汽车制造公司5','大连','11111111111','东风日产','100','7','2018-05-02','大连'),
	('15242097724','大连汽车制造公司5','大连','11111111111','东风日产','200','9','2018-05-02','大连'),
	('15242097724','大连汽车制造公司5','大连','11111111111','东风日产','150','6','2018-05-02','大连'),
	('15242097724','大连汽车制造公司5','大连','11111111111','一汽大众','100','1','2018-05-02','大连');
	
insert into 
	vehicles_sale(dist_phone,dist_company,dist_area,user_phone,vehicles_sale_type,vehicles_sale_price,vehicles_sale_number,vehicles_sale_time,vehicles_sale_area)
values
	('16140594871','北京汽车制造公司1','北京','11111111111','北京现代','100','6','2018-05-29','北京'),
	('16140594871','北京汽车制造公司1','北京','11111111111','北京现代','150','5','2018-05-30','北京'),
	('16140594871','北京汽车制造公司1','北京','11111111111','东风日产','200','4','2018-04-20','北京'),
	('16140594871','北京汽车制造公司1','北京','11111111111','东风日产','100','5','2018-03-22','北京'),
	('16140594871','北京汽车制造公司1','北京','11111111111','一汽大众','120','6','2018-02-23','北京'),
	('16140594871','北京汽车制造公司1','北京','11111111111','一汽大众','100','1','2018-01-07','北京'),
	('16140594871','北京汽车制造公司1','北京','11111111111','一汽大众','150','3','2018-04-06','北京'),
	
	('17329683691','北京汽车制造公司2','北京','11111111111','北京现代','100','3','2018-04-01','北京'),
	('17329683691','北京汽车制造公司2','北京','11111111111','北京现代','120','4','2018-05-02','北京'),
	('17329683691','北京汽车制造公司2','北京','11111111111','北京现代','200','5','2018-05-03','北京'),
	('17329683691','北京汽车制造公司2','北京','11111111111','东风日产','130','7','2018-05-04','北京'),
	('17329683691','北京汽车制造公司2','北京','11111111111','一汽大众','110','9','2018-05-05','北京'),
	('17329683691','北京汽车制造公司2','北京','11111111111','一汽大众','150','1','2018-05-06','北京'),
	('17329683691','北京汽车制造公司2','北京','11111111111','一汽大众','150','6','2018-05-07','北京'),
	
	('18242095513','北京汽车制造公司3','北京','11111111111','北京现代','100','7','2018-04-08','北京'),
	('18242095513','北京汽车制造公司3','北京','11111111111','东风日产','100','2','2018-05-09','北京'),
	('18242095513','北京汽车制造公司3','北京','11111111111','东风日产','100','7','2018-05-10','北京'),
	('18242095513','北京汽车制造公司3','北京','11111111111','东风日产','100','3','2018-05-11','北京'),
	('18242095513','北京汽车制造公司3','北京','11111111111','东风日产','100','6','2018-05-12','北京'),
	('18242095513','北京汽车制造公司3','北京','11111111111','一汽大众','100','6','2018-05-13','北京'),
	('18242095513','北京汽车制造公司3','北京','11111111111','一汽大众','100','4','2018-05-14','北京'),
	
	('19242097723','北京汽车制造公司4','北京','11111111111','北京现代','200','3','2018-04-15','北京'),
	('19242097723','北京汽车制造公司4','北京','11111111111','北京现代','150','8','2018-05-16','北京'),
	('19242097723','北京汽车制造公司4','北京','11111111111','北京现代','100','6','2018-05-17','北京'),
	('19242097723','北京汽车制造公司4','北京','11111111111','北京现代','100','1','2018-05-18','北京'),
	('19242097723','北京汽车制造公司4','北京','11111111111','一汽大众','150','8','2018-05-19','北京'),
	('19242097723','北京汽车制造公司4','北京','11111111111','一汽大众','200','1','2018-05-20','北京'),
	('19242097723','北京汽车制造公司4','北京','11111111111','一汽大众','100','2','2018-05-21','北京'), 
	
	('10242097724','北京汽车制造公司5','北京','11111111111','北京现代','200','5','2018-04-22','北京'),
	('10242097724','北京汽车制造公司5','北京','11111111111','北京现代','100','3','2018-05-23','北京'),
	('10242097724','北京汽车制造公司5','北京','11111111111','东风日产','200','6','2018-05-24','北京'),
	('10242097724','北京汽车制造公司5','北京','11111111111','东风日产','100','7','2018-05-25','北京'),
	('10242097724','北京汽车制造公司5','北京','11111111111','东风日产','200','9','2018-05-26','北京'),
	('10242097724','北京汽车制造公司5','北京','11111111111','东风日产','150','6','2018-05-27','北京'),
	('10242097724','北京汽车制造公司5','北京','11111111111','一汽大众','100','1','2018-05-28','北京');	
	
	
insert into 
	vehicles_sale(dist_phone,dist_company,dist_area,user_phone,vehicles_sale_type,vehicles_sale_price,vehicles_sale_number,vehicles_sale_time,vehicles_sale_area)
values
	('15140594871','深圳汽车制造公司1','深圳','11111111111','北京现代','100','6','2018-04-01','深圳'),
	('15140594871','深圳汽车制造公司1','深圳','11111111111','北京现代','150','5','2018-04-02','深圳'),
	('15140594871','深圳汽车制造公司1','深圳','11111111111','东风日产','200','4','2018-04-03','深圳'),
	('15140594871','深圳汽车制造公司1','深圳','11111111111','东风日产','100','5','2018-04-04','深圳'),
	('15140594871','深圳汽车制造公司1','深圳','11111111111','一汽大众','120','6','2018-02-23','深圳'),
	('15140594871','深圳汽车制造公司1','深圳','11111111111','一汽大众','100','1','2018-01-07','深圳'),
	('15140594871','深圳汽车制造公司1','深圳','11111111111','一汽大众','150','3','2018-04-06','深圳'),
	
	('13229683691','深圳汽车制造公司2','深圳','11111111111','北京现代','100','3','2018-04-01','深圳'),
	('13229683691','深圳汽车制造公司2','深圳','11111111111','北京现代','120','4','2018-05-02','深圳'),
	('13229683691','深圳汽车制造公司2','深圳','11111111111','北京现代','200','5','2018-05-03','深圳'),
	('13229683691','深圳汽车制造公司2','深圳','11111111111','东风日产','130','7','2018-05-04','深圳'),
	('13229683691','深圳汽车制造公司2','深圳','11111111111','一汽大众','110','9','2018-05-05','深圳'),
	('13229683691','深圳汽车制造公司2','深圳','11111111111','一汽大众','150','1','2018-05-06','深圳'),
	('13229683691','深圳汽车制造公司2','深圳','11111111111','一汽大众','150','6','2018-05-07','深圳'),
	
	('18342095513','深圳汽车制造公司3','深圳','11111111111','北京现代','100','7','2018-04-08','深圳'),
	('18342095513','深圳汽车制造公司3','深圳','11111111111','东风日产','100','2','2018-05-09','深圳'),
	('18342095513','深圳汽车制造公司3','深圳','11111111111','东风日产','100','7','2018-05-10','深圳'),
	('18342095513','深圳汽车制造公司3','深圳','11111111111','东风日产','100','3','2018-05-11','深圳'),
	('18342095513','深圳汽车制造公司3','深圳','11111111111','东风日产','100','6','2018-05-12','深圳'),
	('18342095513','深圳汽车制造公司3','深圳','11111111111','一汽大众','100','6','2018-05-13','深圳'),
	('18342095513','深圳汽车制造公司3','深圳','11111111111','一汽大众','100','4','2018-05-14','深圳'),
	
	('18442097723','深圳汽车制造公司4','深圳','11111111111','北京现代','200','3','2018-04-15','深圳'),
	('18442097723','深圳汽车制造公司4','深圳','11111111111','北京现代','150','8','2018-05-16','深圳'),
	('18442097723','深圳汽车制造公司4','深圳','11111111111','北京现代','100','6','2018-05-17','深圳'),
	('18442097723','深圳汽车制造公司4','深圳','11111111111','北京现代','100','1','2018-05-18','深圳'),
	('18442097723','深圳汽车制造公司4','深圳','11111111111','一汽大众','150','8','2018-05-19','深圳'),
	('18442097723','深圳汽车制造公司4','深圳','11111111111','一汽大众','200','1','2018-05-20','深圳'),
	('18442097723','深圳汽车制造公司4','深圳','11111111111','一汽大众','100','2','2018-05-21','深圳'), 
	
	('18542097724','深圳汽车制造公司5','深圳','11111111111','北京现代','200','5','2018-04-22','深圳'),
	('18542097724','深圳汽车制造公司5','深圳','11111111111','北京现代','100','3','2018-05-23','深圳'),
	('18542097724','深圳汽车制造公司5','深圳','11111111111','东风日产','200','6','2018-05-24','深圳'),
	('18542097724','深圳汽车制造公司5','深圳','11111111111','东风日产','100','7','2018-05-25','深圳'),
	('18542097724','深圳汽车制造公司5','深圳','11111111111','东风日产','200','9','2018-05-26','深圳'),
	('18542097724','深圳汽车制造公司5','深圳','11111111111','东风日产','150','6','2018-05-27','深圳'),
	('18542097724','深圳汽车制造公司5','深圳','11111111111','一汽大众','100','1','2018-05-28','深圳');	
	
insert into 
	vehicles_sale(dist_phone,dist_company,dist_area,user_phone,vehicles_sale_type,vehicles_sale_price,vehicles_sale_number,vehicles_sale_time,vehicles_sale_area)
values
	('15640594871','广东汽车制造公司1','广东','11111111111','北京现代','100','6','2018-05-29','广东'),
	('15640594871','广东汽车制造公司1','广东','11111111111','北京现代','150','5','2018-05-30','广东'),
	('15640594871','广东汽车制造公司1','广东','11111111111','东风日产','200','4','2018-04-20','广东'),
	('15640594871','广东汽车制造公司1','广东','11111111111','东风日产','100','5','2018-03-22','广东'),
	('15640594871','广东汽车制造公司1','广东','11111111111','一汽大众','120','6','2018-02-23','广东'),
	('15640594871','广东汽车制造公司1','广东','11111111111','一汽大众','100','1','2018-01-07','广东'),
	('15640594871','广东汽车制造公司1','广东','11111111111','一汽大众','150','3','2018-04-06','广东'),
	
	('13729683691','广东汽车制造公司2','广东','11111111111','北京现代','100','3','2018-03-01','广东'),
	('13729683691','广东汽车制造公司2','广东','11111111111','北京现代','120','4','2018-03-02','广东'),
	('13729683691','广东汽车制造公司2','广东','11111111111','北京现代','200','5','2018-03-03','广东'),
	('13729683691','广东汽车制造公司2','广东','11111111111','东风日产','130','7','2018-03-04','广东'),
	('13729683691','广东汽车制造公司2','广东','11111111111','一汽大众','110','9','2018-03-05','广东'),
	('13729683691','广东汽车制造公司2','广东','11111111111','一汽大众','150','1','2018-03-06','广东'),
	('13729683691','广东汽车制造公司2','广东','11111111111','一汽大众','150','6','2018-03-07','广东'),
	
	('18842095513','广东汽车制造公司3','广东','11111111111','北京现代','100','7','2018-04-08','广东'),
	('18842095513','广东汽车制造公司3','广东','11111111111','东风日产','100','2','2018-05-09','广东'),
	('18842095513','广东汽车制造公司3','广东','11111111111','东风日产','100','7','2018-05-10','广东'),
	('18842095513','广东汽车制造公司3','广东','11111111111','东风日产','100','3','2018-05-11','广东'),
	('18842095513','广东汽车制造公司3','广东','11111111111','东风日产','100','6','2018-05-12','广东'),
	('18842095513','广东汽车制造公司3','广东','11111111111','一汽大众','100','6','2018-05-13','广东'),
	('18842095513','广东汽车制造公司3','广东','11111111111','一汽大众','100','4','2018-05-14','广东'),
	
	('18942097723','广东汽车制造公司4','广东','11111111111','北京现代','200','3','2018-04-15','广东'),
	('18942097723','广东汽车制造公司4','广东','11111111111','北京现代','150','8','2018-05-16','广东'),
	('18942097723','广东汽车制造公司4','广东','11111111111','北京现代','100','6','2018-05-17','广东'),
	('18942097723','广东汽车制造公司4','广东','11111111111','北京现代','100','1','2018-05-18','广东'),
	('18942097723','广东汽车制造公司4','广东','11111111111','一汽大众','150','8','2018-05-19','广东'),
	('18942097723','广东汽车制造公司4','广东','11111111111','一汽大众','200','1','2018-05-20','广东'),
	('18942097723','广东汽车制造公司4','广东','11111111111','一汽大众','100','2','2018-05-21','广东'), 
	
	('18042097724','广东汽车制造公司5','广东','11111111111','北京现代','200','5','2018-04-22','广东'),
	('18042097724','广东汽车制造公司5','广东','11111111111','北京现代','100','3','2018-05-23','广东'),
	('18042097724','广东汽车制造公司5','广东','11111111111','东风日产','200','6','2018-05-24','广东'),
	('18042097724','广东汽车制造公司5','广东','11111111111','东风日产','100','7','2018-05-25','广东'),
	('18042097724','广东汽车制造公司5','广东','11111111111','东风日产','200','9','2018-05-26','广东'),
	('18042097724','广东汽车制造公司5','广东','11111111111','东风日产','150','6','2018-05-27','广东'),
	('18042097724','广东汽车制造公司5','广东','11111111111','一汽大众','100','1','2018-05-28','广东');
	

	